Portfolio 2,10/1/2011,10/31/2011,11/30/2011,12/30/2011,1/29/2012,2/28/2012,3/29/2012,4/28/2012,5/23/2012,6/22/2012,7/22/2012,8/21/2012,9/20/2012,10/20/2012,11/19/2012,12/19/2012,1/18/2013,2/15/2013,3/17/2013,4/16/2013,5/16/2013,6/15/2013,7/15/2013,8/14/2013,9/13/2013,10/13/2013,11/12/2013,12/12/2013,1/11/2014,2/10/2014,3/12/2014,4/11/2014,5/11/2014,6/10/2014,7/10/2014,8/9/2014,9/8/2014,10/8/2014,11/7/2014,12/7/2014,1/6/2015,2/5/2015,3/7/2015,4/6/2015,5/6/2015,6/5/2015,7/5/2015,8/4/2015,9/3/2015,10/3/2015,11/2/2015,12/2/2015,12/30/2015,1/29/2016,2/28/2016,3/29/2016,4/28/2016,5/25/2016,6/24/2016,7/24/2016,8/23/2016,9/22/2016,10/22/2016,11/21/2016,12/21/2016,1/20/2017,2/17/2017,3/19/2017,4/18/2017,5/18/2017,6/17/2017,7/17/2017,8/16/2017,9/15/2017,10/15/2017,11/14/2017,12/14/2017,1/13/2018,2/12/2018,3/14/2018,4/13/2018,5/13/2018,6/12/2018,7/12/2018,8/11/2018,9/10/2018,10/10/2018,11/9/2018,12/9/2018,1/8/2019,2/7/2019,3/9/2019,4/8/2019,5/8/2019,6/7/2019,7/7/2019,8/6/2019,9/5/2019,10/5/2019,11/4/2019,12/4/2019,1/3/2020,2/2/2020,3/3/2020,4/2/2020,5/2/2020,6/1/2020,7/1/2020,7/31/2020,8/30/2020,9/29/2020,10/29/2020,11/28/2020,12/28/2020,1/27/2021,2/26/2021,3/28/2021,4/27/2021,5/27/2021,6/26/2021,7/26/2021,8/25/2021,9/24/2021
JLL,-0.2775303333,0.3737244898,-0.003095017023,-0.0490530891,0.2205354228,0.07783870536,0.0291599454,-0.03617072583,-0.09172684657,-0.02608453062,-0.03351475222,0.04831061055,0.1307605315,-0.03475434429,-0.008030047921,0.1036688863,0.04105051461,0.1385611844,0.0006095083299,-0.04395939086,0.01943294043,-0.07260416667,0.06166460744,-0.0873889124,0.0008115001159,-0.02142939882,0.111032197,0.05284466226,0.05484719692,0.1297966232,0.04423877048,-0.05065864368,0.007880085653,0.05523922835,0.03970363212,0.008675445391,0.01950545231,-0.05340463995,0.1098114108,0.03248010325,0.015625,0.08717948718,-0.003333333333,0.07244273364,-0.04666078258,0.05431428219,0.0197869102,0.0239380023,-0.1720020183,-0.003453178956,0.1317434434,-0.005523203458,-0.04400433422,-0.1139097034,-0.2746588971,0.1545018125,0.02732518669,0.005494505495,-0.1179986339,0.05759922556,0.06681922197,0.00265980266,-0.1074790347,-0.03394055609,0.01151250496,-0.02129120879,0.1458415451,-0.06389748882,-0.02076251723,0.03705788536,0.0872987154,0.04168400033,-0.02452076677,-0.01170883485,0.08790389395,0.1431726449,-0.0308440477,0.0431674457,0.001383763838,0.1308152925,-0.0002327611289,-0.01420173447,0.00932868867,-0.01977186312,-0.1183982813,-0.02057808164,-0.07768332297,0.04923192207,-0.07084702185,0.01498847041,0.09738735328,0.1169691533,-0.04386506858,-0.09169035927,-0.06267340115,0.05115361263,0.01906137184,-0.03046620377,-0.02046185326,0.1259325574,0.1150278293,0.03304017114,-0.002185918086,-0.1249279373,-0.3931089005,0.09693877551,0.01415141019,0.001756440281,-0.036528346,0.04175513093,-0.06715838509,0.1766541823,0.1696728559,0.1551137652,-0.003599240887,0.142650729,0.02166915737,0.01817158931,0.1131616753,0.003772461034,0.03446741173,0.1537358382,0.03372695256
DOW,#N/A,#N/A,#N/A,#N/A,#N/A,#N/A,#N/A,#N/A,#N/A,#N/A,#N/A,#N/A,#N/A,#N/A,#N/A,#N/A,#N/A,#N/A,#N/A,#N/A,#N/A,#N/A,#N/A,#N/A,#N/A,#N/A,#N/A,#N/A,#N/A,#N/A,#N/A,#N/A,#N/A,#N/A,#N/A,#N/A,#N/A,#N/A,#N/A,#N/A,#N/A,#N/A,#N/A,#N/A,#N/A,#N/A,#N/A,#N/A,#N/A,#N/A,#N/A,#N/A,#N/A,#N/A,#N/A,#N/A,#N/A,#N/A,#N/A,#N/A,#N/A,#N/A,#N/A,#N/A,#N/A,#N/A,#N/A,#N/A,#N/A,#N/A,#N/A,#N/A,#N/A,#N/A,#N/A,#N/A,#N/A,#N/A,#N/A,#N/A,#N/A,#N/A,#N/A,#N/A,#N/A,#N/A,#N/A,#N/A,#N/A,#N/A,#N/A,#N/A,#N/A,-0.08171478565,-0.0224847561,-0.05419103314,-0.08429513603,-0.02408282692,0.04174354244,0.199247288,-0.03489016061,0.002677888294,-0.1083555895,-0.1322207959,-0.3089250493,0.1794505887,0.167876588,0.05542605543,0.007607361963,0.09887968826,0.03213652482,-0.006871376423,0.1461621622,0.02414638747,0.001841959845,0.09045780474,0.07738998483,-0.01956181534,0.09592976856,-0.08389163997,-0.01414944356,0.02999516207,-0.1105370283
MDT,-0.08754305396,0.09279647688,0.04864709269,0.04995882514,0.01568627451,-0.006435006435,0.01580310881,-0.02575873502,-0.005649717514,0.03246753247,-0.01179245283,0.09095730575,0.04934370442,-0.01575167941,-0.01600376559,0.01506816551,0.07610744581,0.07237141557,-0.04265704584,0.03413877189,0.0640943194,0.07796132151,0.003363857223,0.02812441795,-0.02934782609,0.03004852557,0.04892190614,-0.03869407497,0.06469002695,-0.05805907173,0.07203010213,-0.01052983453,0.03023648649,0.01426463355,0.02602651148,-0.02205766504,0.04349927501,0.0148216767,0.03605659516,0.09823788546,-0.04773365423,0.05756809885,0.0209771641,0.005981794538,-0.03929679421,0.01533907427,-0.02557646435,0.05766353869,-0.1001671596,0.01271791941,0.06885847326,0.004752475248,0.02906822405,-0.02076615504,0.01936248683,-0.02468019124,0.05696873344,0.02128731578,0.02688702516,0.04395868364,0.01012425219,0.0002277904328,-0.05146891369,-0.03265306122,-0.1116902457,0.04763900531,0.04242103872,0.03220081136,-0.01338737411,0.0257687041,0.07997572816,-0.03292504776,-0.0169649082,-0.0293144208,-0.05345835363,0.01839701531,0.03372915614,0.04264939509,-0.05954055321,0.02567298106,-0.03317132442,0.08307150936,0.005917846368,0.01361171992,0.03266188688,0.06204540445,-0.01348967521,-0.00746818134,0.0118694362,-0.1303937997,0.07069733831,0.03487064117,-0.0327173913,0.0001123721766,0.09112359551,0.0093708166,0.03285043869,0.06400632161,-0.004270330486,-0.001025545404,0.04470368642,0.01733071288,0.03609062171,-0.1490804305,-0.1419322709,0.1057457922,0.01942053328,-0.04932550716,0.04506065858,0.1139096186,-0.04447752861,-0.01285422144,0.1216336194,0.0125769569,-0.03152957526,0.04905829596,0.01872274942,0.09071836187,-0.03708548126,-0.01126648022,0.03499272668,0.05059732959,-0.03366778149
NDAQ,-0.03628509719,0.1228148812,0.04790419162,-0.06628571429,0.03223174215,0.05256916996,-0.03041682313,-0.04841208366,-0.1282973621,-0.001834021091,0.0174552136,0.07088036117,-0.0008431703204,0.01814345992,-0.03439701616,0.08240343348,0.07573354481,0.15716946,0.03990988091,-0.1135871247,0.07402234637,0.07412223667,0.03329297821,-0.06385471588,-0.02221526909,0.07296,0.06919176857,0.0820083682,0.009280742459,-0.04189016603,0.05038656358,-0.1175126904,0.05924647685,0.008417051317,0.03931071621,0.08730569948,0.03121277103,-0.0261090573,0.04104389087,0.05423883318,0.02853437095,0.01513240858,0.04968944099,-0.002366863905,-0.03183076315,0.03185623851,-0.03502869582,0.05373256768,-0.004476449981,0.04887585533,0.1122087605,-0.01944025473,0.00682360969,0.05049135886,0.02080645161,0.03602464844,-0.04132987647,0.02072619604,-0.03816793893,0.08634920635,0.03097603741,-0.001700680272,-0.05877342419,-0.004977375566,0.02304077611,-0.001926211291,0.06334572491,-0.01034820305,-0.02359756959,-0.03415340087,0.06592747977,0.0049198763,0.07875227305,-0.0307313278,-0.00856187291,0.02509782755,0.01974463604,0.03807925649,-0.03556329271,0.08780299123,0.01848998459,0.0520190853,0.05442477876,-0.02045740663,-0.01467280711,0.0152173913,-0.1223768737,0.1028425034,-0.03650442478,-0.08633754305,0.09097763257,-0.03225063349,0.05641513925,0.0251239297,0.05681943071,0.04866888519,-0.04948433161,0.06437141367,-0.02950401882,-0.004241995758,0.06714676945,0.02917973577,0.08782785371,-0.06554036845,-0.1463614064,0.1295232014,0.1201356827,0.01581426649,0.08736336535,0.02368441094,-0.09700937361,0.005190311419,0.04901237603,0.006719274943,0.09584788514,-0.02060906516,0.09075131969,0.06603023071,0.03221393035,0.06705627184,0.05346959517,0.02706613785,0.02687470647
ETR,-0.005851555282,0.07140644362,0.01720399017,0.03823194997,-0.03586584531,-0.04997870226,0.0002989089822,-0.02046914687,-0.02164964171,0.0394265233,0.06446776612,-0.0276056338,-0.003331402086,0.03371602965,-0.1206242092,0.0273381295,-0.006069094304,-0.025685746,0.04898291294,0.07865342848,0.002013519344,-0.01507104923,0.04342757214,-0.075,-0.04741053903,0.0280551593,-0.02852297256,-0.02840818918,-0.009800718719,0.0491586935,-0.009433962264,0.1166666667,0.05728500355,0.05243344985,0.005365355135,-0.07814485388,0.05237767057,0.04282907662,0.03843255463,0.01644895985,0.03391242266,-0.004258257567,-0.1366158114,0.06305220884,-0.04571212694,-0.04829770388,0.00485302274,-0.05367738374,-0.0815106445,0.06318463248,0.02359265343,-0.04726477024,0.03932162689,0.01920577617,0.02309436101,0.102478881,-0.06506720261,0.002019114282,0.04768941429,0.0444928837,-0.03130370734,0.03573691547,-0.09372323504,-0.07627919536,0.06547793043,-0.02373113855,0.02309083322,0.02243371856,0.02247340426,-0.01456626349,0.04922792662,-0.04893081761,0.03319666711,0.009600614439,0.05756307848,0.04807577029,-0.05444978266,-0.06036777159,-0.03913995108,0.03845638483,0.01483870968,-0.001271455817,-0.01998726926,0.06755001299,0.01788756388,0.01841004184,-0.02629416598,0.03146473779,0.04195885928,-0.03645541223,0.05087310827,0.0408773679,0.004044274159,-0.001165995336,0.06760055184,0.03747514911,0.02088722813,0.07461285781,0.02873362445,0.006791748026,-0.004047558816,0.005249343832,0.1133664617,-0.07791814812,-0.2763967512,0.08185941043,0.07608467826,-0.05804440982,0.08695202647,-0.056977076,-0.03389146661,0.05951138025,0.07262514781,-0.1211759302,-0.02143006481,-0.07264181177,0.142264716,0.07442517144,-0.01633189412,-0.02356870229,0.01416984267,0.09645403739,-0.1137182529
VOYA,#N/A,#N/A,#N/A,#N/A,#N/A,#N/A,#N/A,#N/A,#N/A,#N/A,#N/A,#N/A,#N/A,#N/A,#N/A,#N/A,#N/A,#N/A,#N/A,#N/A,#N/A,0.09633027523,0.1220996577,0.04,-0.0205345502,0.00465890183,0.1430937396,-0.01043175891,0.03748169839,-0.02653118826,0.04204117135,-0.03171953255,0.0224137931,0.0233277122,-0.003570447679,0.01488423374,0.07224334601,-0.02228976697,0.04948186528,0.04097753641,-0.05335546597,0.008517034068,0.110034774,-0.01924367868,-0.01756787588,0.08174640037,0.002361528553,-0.00299850075,-0.09731471536,-0.0587815326,0.03590391909,-0.01147180864,-0.08427518428,-0.1795009391,-0.03989535644,0.02145776567,0.08002667556,0.01378254211,-0.201510574,-0.03102534998,0.1112846544,0.02037947997,0.0564738292,0.2242503259,0.06895633653,-0.01095890411,0.06129685917,-0.06324582339,-0.08535031847,-0.02980501393,0.07608383577,-0.001067235859,0.02644230769,-0.01327088212,0.04667721519,0.04031242126,0.1019617341,0.1643956044,-0.09267648169,0.1233617641,-0.05222222222,0.02813599062,0.008361839605,-0.1042216359,0.03050704818,-0.01572070233,0.02572080481,-0.07724974722,-0.07604646066,-0.01067362429,0.1555981779,0.01950207469,0.06919006919,0.02226874762,0.002048035748,0.05146785582,-0.0644990281,-0.03758972422,0.01982335623,0.07005388761,0.03129496403,0.04708754796,0.005996002665,-0.105794702,-0.3058692835,0.1776473726,0.04530011325,-0.008667388949,0.07978142077,0.0508097166,-0.08302831824,0.008403361345,0.200625,0.007634912372,-0.05131737558,0.0942094754,0.03915063039,0.08381226054,-0.03991751362,-0.06182878183,0.02959934587,0.04240787802,-0.07085174463
WY,-0.1384180791,0.1790163934,-0.06618464961,0.1119714116,0.08730583824,0.03448275862,0.04238095238,-0.06989492919,-0.02747252747,0.06266050334,0.1140647656,0.05162689805,0.08333333333,0.07501904037,-0.07970244421,0.07197844496,0.09982046679,0.007229707525,-0.01468189233,0.01324503311,0.04477124183,-0.1035345637,0.02442428472,-0.05347411444,0.02159050018,0.03205353998,-0.005119453925,0.01646655232,0.03206209922,-0.01863963375,-0.01366211263,-0.06351351351,0.09415584416,0.03000329707,0.04257362356,-0.01443045748,0.05919003115,-0.05529411765,0.06787048568,0.0527696793,-0.001107726392,-0.01552536734,-0.05547733033,-0.03070960048,-0.04121808674,0.009303817774,0.008582326764,-0.02080050425,-0.1020276794,0.002508960573,0.09939220593,0.03284552846,-0.05688529686,-0.1558998022,0.01444748145,0.1943802925,0.03190460844,-0.01379742866,-0.1182829889,0.171655247,-0.02923976608,0.01712111604,-0.02992518703,0.01670951157,-0.02591656131,-0.01914341337,0.09901639344,-0.004176610979,0.04134212103,-0.05926352129,0.04097859327,-0.01880141011,-0.04461077844,0.0338451896,0.06153379812,0.03369503141,-0.01519337017,-0.02496493689,-0.01150747986,0.02561117579,0.02695800227,0.005526388505,0.05413575158,-0.04953076121,-0.06966538673,0.005601415094,-0.1468777485,-0.07800687285,-0.04248975028,-0.08057609965,0.09695173582,-0.002701659591,0.048374613,-0.05389442599,-0.07179087007,0.1109709962,-0.07832009081,0.09154351396,0.01579541181,0.1181044058,-0.01986754967,-0.005405405405,-0.04144021739,-0.05279943303,-0.4074074074,0.1224747475,0.1839145107,0.05463182898,0.2527027027,0.08989572096,-0.07456285054,0.0128342246,0.02217529039,0.1608126722,-0.04479382972,0.05186335404,0.03956303513,0.1184322636,-0.02691721686,-0.1127348643,0.01941176471,0.01731102135,0.05473624504
APTV,#N/A,#N/A,#N/A,0.0332187858,0.2572062084,0.1772486772,-0.003370786517,-0.03382187148,-0.1050037908,-0.04150783566,-0.004860804242,0.08969804618,0.09290953545,0.01006711409,0.03174603175,0.06833631485,0.08908238446,0.04330218069,0.07017020006,0.01785714286,0.07922149123,0.08940817882,0.07414315691,0.00998480573,0.02428540726,0.008392782207,-0.03849354973,0.04890716295,0.04023107077,0.03966679889,0.07325448302,-0.03377177391,0.03826342899,0.03809355067,-0.006827103601,-0.02096580168,0.04985079867,-0.1163685003,0.1029328288,0.04529078744,-0.05169867061,0.1000346141,0.04074889868,0.06107331822,0.008405755806,0.03334275219,-0.02871205906,-0.08248873874,-0.05860693464,0.07333767927,0.07364105679,0.02630462452,-0.01535117511,-0.2495860927,0.0268431697,0.1085049239,0.01453723147,-0.1056680798,-0.08725421348,0.1009809579,-0.006988120196,0.0348346235,-0.08534512071,0.06914498141,0.00747566064,0.02122519413,0.05526799132,0.075,-0.08345599058,0.1450136502,0.01612903226,0.06280193237,0.02363636364,0.06470438975,-0.02204480458,0.0235165103,-0.01130952381,0.1145093317,-0.01210025929,-0.02340332458,-0.04244120941,0.1194012396,0.06529460928,-0.08688830048,-0.003651594888,-0.07815026409,-0.115645463,-0.000132222663,-0.1360751124,0.02571559773,0.1374421728,0.08344266597,0.07156696537,-0.09910724376,-0.07927747115,0.04591280654,0.08375667578,0.05973557692,-0.0472949983,0.1383333333,-0.03398870529,0.01872902458,-0.0784272051,-0.07091789668,-0.434156634,0.4097389778,0.1924692703,-0.01591858038,0.03089366216,0.1076527331,0.06734788667,0.06962576153,0.2072823434,0.07952822241,-0.001404713595,0.1709909347,-0.09850507208,0.08609712763,0.02849158203,0.02525018225,0.03264382676,-0.01458528951,-0.04059204675
LBTYA,-0.1607418856,0.1909146716,-0.01958762887,0.04153522608,0.1155981827,0.08235294118,0.01170568562,-0.006198347107,-0.02756573367,0.01657217619,0.07121407121,0.065278334,0.04736842105,0.07537688442,-0.0844459279,0.1082756106,0.1026315789,-0.02851885925,0.04008838384,0.09135053111,0.01779755284,-0.04972677596,0.107533065,-0.04153686397,0.01327193933,-0.006682705159,0.02099031216,0.07643647865,0.06121449559,-0.08421781264,0.05492567397,-0.1296871268,0.124039517,0.02880859375,-0.02040816327,-0.04384689922,-0.009374208259,0.04450127877,0.07810969638,0.05905064729,-0.03581385374,0.04025800712,0.09493264913,-0.03710212849,0.002636382073,0.05582524272,-0.03256704981,0.0398019802,-0.09579127785,-0.05033698399,0.0126413839,-0.0608848007,-0.04645130865,-0.1491097923,0.0706190061,0.04560260586,-0.009865005192,-0.03509234828,-0.2124692371,0.07638888889,0.04064516129,0.05145691259,-0.05129716981,0.02641392169,-0.05964274902,0.1226658081,0.06429192007,-0.002993197279,-0.06877729258,-0.1222157093,-0.01969949917,0.1198910082,0.04957420925,-0.04607360185,-0.01002430134,-0.09941699908,0.1015332198,0.1308382307,-0.02817286652,-0.07233323952,-0.06553398058,-0.01883116883,-0.002647253475,-0.04512276045,-0.04273801251,0.008711433757,-0.09427851745,-0.001986491855,-0.05891719745,-0.1218274112,0.2263969171,-0.02317360566,0.1154000804,-0.06633020908,0.01312741313,0.02858231707,-0.05298258614,0.05555555556,-0.07375833951,0.01080432173,-0.1254948535,0.000905387053,-0.07462686567,-0.04740957967,-0.1693175988,0.3915997529,-0.01154016866,-0.01751234845,0.06992687386,-0.001708671508,-0.08472400513,-0.1112669472,0.1846396633,0.08570159858,0.03231083845,-0.02416798732,0.03735282176,0.00939334638,0.04265219077,0.03941985868,-0.05867620751,0.06879513493,0.05654338549
BBY,-0.1077047196,0.1858047016,0.03278688525,-0.1373200443,0.08600770218,0.006304176517,-0.03014878622,-0.109002826,-0.1512643678,0.03954496208,-0.02657634184,-0.04122055675,0.01005025126,-0.05472636816,-0.1959064327,-0.1345454545,0.2504201681,0.1499659168,0.3117960877,0.06913691821,0.09467455621,0.0583011583,0.0798978475,0.06993243243,0.2087148721,0.03474399164,0.1050239838,-0.08087731323,-0.08376833209,-0.3152468801,0.01980982567,-0.008935508936,0.02900823207,0.1234285714,0.03390979993,-0.02787799278,0.08434547908,-0.01960174238,0.1164709616,0.04007959068,0.02350368953,-0.03631508678,0.1036298144,-0.04067285965,-0.07563465062,-0.02236693092,-0.03475238923,-0.04110411041,0.1489361702,0.02614379085,-0.0597133758,-0.1278577477,-0.04153555695,-0.08305975049,0.1596849266,-0.02130287126,0.02996845426,-0.01231906375,-0.05986903648,0.07694859038,0.2081921774,-0.01937292888,0.02573433845,0.1568677141,0.02562979189,-0.07390004272,0.01049810141,0.006852343059,0.06520307355,0.04348722176,0.1019158602,0.003764115433,0.08339285714,-0.03395417834,-0.06312915885,0.04170460754,0.1145104895,0.1356862745,-0.02831491713,-0.006396588486,0.01759656652,0.1000984114,-0.05367412141,0.008642808913,0.03186504217,0.00311405216,-0.08446514034,-0.04224357163,-0.1346806314,-0.0214797136,0.02543554007,0.16751614,0.08876600698,-0.01790964983,-0.1328252586,0.1299435028,-0.05972222222,-0.02865583456,0.01611922141,0.1195749776,0.05841465045,0.1010356151,-0.02202339986,-0.1021581046,-0.3107772698,0.4094010614,0.04222700377,0.1270967742,0.1401259302,0.1136660307,-0.007483545217,0.01998546512,-0.03099394371,-0.05716911765,0.1071358939,-0.1164039799,0.143996014,0.03092334495,-0.001774397972,-0.02801760623,0,0.06148219107,-0.1407006317
GM,-0.1432913591,0.3101875317,-0.1764023211,-0.04790981682,0.1953626048,0.0788278993,-0.03175210406,-0.09126827341,-0.06318082789,-0.04186046512,-0.06310679612,0.1207253886,0.1289875173,0.00819000819,0.01259138911,0.09025270758,0.07726269316,-0.05288297509,0.01008645533,0.05099857347,0.09908381405,0.04137079345,0.0821227394,-0.02547945205,0.01377565364,-0.02024403771,0.03764506085,0.09247135843,-0.01173533084,-0.1182415361,-0.001146131805,-0.08405048766,0.0905104917,0.04537622056,0.03708791209,-0.1046357616,-0.01656804734,-0.03188929001,-0.01833436917,0.03450459006,0.06640146879,0.04017216643,0.03889655172,-0.02655337228,-0.05155482815,0.01006614898,-0.07033029613,-0.03460949464,-0.07645939086,0.09103400893,0.1199622166,0.004498172617,-0.05165745856,-0.1366152054,-0.006747638327,0.05944293478,0.04007694774,-0.009389671362,-0.1042654028,0.1308641975,-0.004990642545,0.01536050157,0.01821549861,0.0009096422074,0.1033020297,0.01619989017,-0.00667200427,-0.04056958624,-0.05656678801,-0.03621252597,0.05789959963,0.05909752547,-0.01731720726,0.08755244755,0.1769547325,-0.06031468531,-0.05093023256,0.08282283754,-0.04955872369,-0.1026190476,0.02759352613,-0.05422153369,0.2061152061,-0.1111362608,-0.07919531449,-0.06332964602,-0.03749630942,0.09509202454,-0.03585434174,0.01133062173,0.1103131284,-0.0007761966365,0.01139306059,-0.02176139273,-0.07118555352,0.07720484644,0.02223384776,-0.008955987718,-0.1027627162,0.1047482014,-0.0674654858,0.01452513966,-0.07158590308,-0.09489916963,-0.4039973788,0.1407366685,0.298313253,-0.07349665924,-0.002804487179,0.1904379269,-0.03003712454,0.2139874739,0.256520493,-0.04972627737,0.1843494959,0.04033238752,0.08981102669,0.05416517698,0.01356622011,-0.01890580559,-0.04894270123,-0.1088398781,0.0509054326
NLSN,-0.1476692753,0.1716566866,-0.01022146508,0.02203098107,-0.02290333446,0.009307135471,0.009221311475,-0.01116751269,-0.05394190871,-0.01461988304,-0.04821958457,0.109898675,0.06179775281,-0.01951058201,-0.06644182125,0.1033236994,0.03569089718,0.04180064309,0.06790123457,0.01358381503,-0.001996007984,-0.01142857143,-0.004624277457,-0.04558652729,0.08183754183,0.0449943757,0.0764262648,0.074,0.01675977654,0.0331959707,-0.0008863283847,-0.05344865824,0.1063730084,0.002541296061,0.02365863963,-0.02187371028,-0.01540084388,-0.07842296979,0.007672634271,0.009229349331,-0.02491998171,0.03118405627,0.003865393361,0.03986409966,-0.02548464387,0.0004470272687,0.0008936550492,0.0703125,-0.05088633994,0.01801801802,0.03000215843,-0.02263202012,0.007712082262,0.02380952381,0.04526578073,0.04052443385,-0.01145475372,0.02556653109,-0.03493862134,0.08062622309,-0.04219485694,-0.003214218189,0.04191957511,-0.224649554,0.01573139235,-0.05339805825,0.07615182621,-0.0536823425,-0.03375527426,-0.05288694808,-0.006915983607,0.006190353366,0.03742630095,-0.01531999012,-0.005771643664,-0.0921251893,0.0175145955,0.01366120219,-0.09433962264,-0.001785714286,-0.03577817531,-0.05627705628,0.03079947575,-0.01017164654,-0.2093770071,0.07920389927,-0.009785472337,0.005701254276,-0.01776266062,-0.02231627549,0.005509641873,0.04305283757,-0.02363977486,-0.07302075327,-0.05679933665,0.006153846154,-0.04936653561,-0.03400735294,-0.003805899144,-0.007163323782,-0.06349206349,0.03133025167,0.02639442231,-0.1470160116,-0.2997724687,0.149471974,0.0296819788,0.004118050789,-0.01367053999,0.05890505891,-0.08311518325,-0.01070663812,0.1666666667,0.2733457019,0.1262748907,-0.03363518758,0.09415439536,0.0411908646,0.07638072855,-0.1044395924,-0.008533116619,-0.1008196721,-0.1011850501
SPGI,-0.03874849579,0.06409614422,0.004705882353,0.05316159251,0.02979764287,0.01079680415,0.01644947661,0.03341740227,-0.08391038697,-0.04068474878,0.0674391657,0.06057316544,0.1138178096,0.02315750781,-0.08442608227,0.07062978222,-0.00421477002,-0.1630981195,0.0765294772,0.0748088448,0.06710248029,-0.008108108108,0.06811989101,0.04642857143,0.003412969283,0.09961127308,0.04831344823,0.01180272587,0.06415775587,0.03536473966,0.03239223595,-0.121230619,0.1040566824,0.06216182207,-0.03257907831,-0.03624785697,0.08259212198,-0.01795774648,0.0749372535,0.02068045364,-0.06503267974,0.1170919259,0.07916145181,0.01005122258,-0.005071285044,-0.01865743412,-0.004214033712,-0.005117606535,-0.07270748838,-0.0357371453,0.02057749751,0.05604336043,0.03514045817,-0.1486080513,0.05551634909,0.1083129039,0.08194248944,0.07842186894,-0.06391011236,0.1250240061,0.03508023216,0.04584810753,-0.01726720807,-0.02334724005,-0.08239546537,0.03849597135,0.1397727273,-0.005368509855,0.006399876629,0.05309531106,0.08694070571,0.0007362784471,0.01846030366,0.01136139752,0.05493506494,-0.01945094177,0.05204017577,0.04916761143,0.02576352158,0.0666444888,-0.008420833767,0.04356259174,0.04229667956,0.01571160056,-0.04849347568,0.03849798035,-0.1252340936,0.02250645002,-0.09207065013,0.036128193,0.1128231467,0.01148717949,0.08319813425,0.00505499649,0.04629069063,0.03436150799,0.05779078274,0.07733300789,-0.07268813956,0.04381464289,0.04728095498,0.03147582508,0.06774764364,-0.05252477424,-0.1385021775,0.1840971244,0.1453266613,0.02205927284,0.04702259955,0.04616702355,-0.02576278587,-0.08751190543,0.07994105728,-0.09591221786,-0.03691359577,0.07528566765,0.09831187758,0.06192292807,-0.009371583277,0.07951857886,0.006329113924,0.0591436865,0.03478360169
K,-0.02019640541,0.02515128593,-0.09315624424,0.02868185517,-0.02175202689,0.05781281585,0.02025606727,-0.05281887994,-0.005917159763,-0.02837301587,-0.0371656116,0.08992576882,-0.002335084647,0.01443339185,0.05248990579,0.02575812934,0.03668744435,0.04804488866,0.04199431153,0.0427103404,0.01355097013,-0.01731996354,0.02844774273,-0.01653638004,-0.07306634057,-0.00577176781,0.02919223752,-0.02272360999,-0.003463060686,-0.01820287936,0.0461823698,0.05816014178,0.04171741778,-0.00526161941,-0.03203056127,-0.03142076503,0.009873060649,-0.05152079454,0.04155759162,0.03801445178,-0.02466707022,0.04003103181,-0.06608981053,0.05479233227,-0.04573678631,-0.02475797492,0.02099267697,0.07586866433,-0.002518518519,0.0108421209,0.03746694093,-0.02435915593,0.06427221172,0.003415767181,0.007897603486,0.03472034585,-0.001436218828,-0.01385224274,0.03264214047,0.08187589066,-0.009819183331,-0.05405732253,-0.05037074917,-0.0119816909,-0.0032702003,-0.01285030759,0.01278132815,0.02853223594,-0.02667377967,-0.03973691422,0.02397260274,-0.06981605351,0.04973782772,-0.02497502498,-0.09382318501,0.05281860766,-0.001994476833,0.01368178324,0.01713679102,0.02877590577,-0.08608695652,-0.02235965747,0.06585563666,0.07563536752,0.00466893039,0.042388396,-0.07146717103,-0.05412483632,-0.07245039225,-0.0399668325,-0.03541198825,-0.03026504298,0.06186518929,-0.004347826087,-0.02200873362,-0.01000178603,0.1123940105,0.01913720402,-0.00254614895,0.01403956605,0.03414096916,0.03453521984,0.01235294118,-0.08991865195,-0.02122905028,0.0383235486,0.03832260091,-0.002722734836,0.04641286213,0.02783012031,-0.1053448033,-0.005674653216,0.01315789474,-0.02456579565,0.0003208213025,-0.07456703015,0.1254548605,-0.04341801386,0.05488491872,-0.01724137931,-0.01800962583,0.01154150198,-0.003125976868
MAN,-0.1690858161,0.3220962305,-0.1509040334,-0.02402402402,0.140979021,0.08016670753,0.06150703586,-0.08915971777,-0.1659418631,-0.003018660812,-0.1078998073,0.1678494292,0.03963011889,-0.003557814485,-0.05865850548,0.1500948253,0.1109540636,0.1759776536,0.02393568427,-0.04264810849,0.06952469711,-0.02387591495,0.07766470273,0.140490391,0.07161533992,0.03944692965,0.05281690141,0.01176762046,0.03158667973,-0.1056254451,0.02176220807,-0.03584415584,0.1275592672,0.03046231036,-0.04590772084,-0.06780072904,-0.0006517205422,-0.1111256032,-0.008804108584,0.0488527017,-0.07805222301,0.1552357624,0.08680095415,0.05755395683,-0.0457742419,0.02440792653,0.0514272234,0.02052950415,-0.03825436957,-0.05669219339,0.1252877741,-0.02788844622,-0.052503323,-0.1074351181,0.01427635887,0.03305785124,-0.01575,-0.02206879546,-0.1612455875,0.05185630543,0.01314661332,-0.01057827927,0.1223093371,0.09030864982,0.05417054986,0.02652226765,0.0397308555,0.05577812018,-0.02422650321,0.01246385482,0.07839275162,0.07150684932,-0.07474644166,0.0490972734,0.07823338309,0.02589576547,-0.0268296555,0.05277324633,-0.09010614395,0.02699250681,-0.03772489843,-0.1796484577,-0.02804327277,-0.07931705209,0.03908450704,-0.002146165142,-0.1242925062,0.02908479835,-0.0802662982,-0.05544933078,0.1607865818,0.01108619831,0.05728717506,0.07725471918,-0.03969713359,0.06634377112,-0.08566599768,-0.04008780037,-0.01540498255,0.1391027992,-0.006653074364,0.05142054661,-0.04962498716,-0.2100540541,-0.2386752429,0.2496854215,0.04574223245,-0.07317744154,0.02092609083,0.06570722489,-0.01241304051,-0.07279005525,0.2907790854,0.04431621466,-0.009724831473,0.05390023435,0.05675561203,0.2141282565,0.0178261946,-0.03154139301,-0.05090421969,0.07339449541,-0.09829059829
SU,-0.245994345,0.3295833333,-0.05922908179,-0.03964023984,0.1873048907,0.06485539001,-0.1072702332,0.01536570375,-0.113135187,-0.007567567568,0.0813362382,0.09066487576,0.04341133005,-0.009737385659,-0.02532777116,0.00947722409,0.02967898243,-0.07927717867,-0.03830326053,-0.08393680053,0.132231405,-0.02570612504,0.009771986971,0.05548387097,0.1048288509,-0.0102351314,-0.02683063164,-0.0281447444,0.01418439716,-0.0472027972,0.01100917431,0.08650937689,0.0929844098,0.01961283749,0.0554584062,-0.06437869822,0.004300531242,-0.1314861461,0.002610208817,-0.1509979751,0.01533219761,0.04060402685,-0.07900677201,0.08683473389,-0.008698453608,-0.05817354566,-0.06694271912,0.03550295858,-0.05392857143,-0.001510003775,0.1296786389,-0.07864792503,-0.06702898551,-0.0854368932,0.03949044586,0.1102941176,0.08020603385,-0.03788144511,-0.02114473205,-0.01862197393,0.07324478178,-0.05445544554,0.09947643979,0.08299319728,0.03046482412,-0.03291679366,0.0053125,-0.04382965496,-0.003576072822,0.0251223491,-0.06078930617,0.002710945442,0.06928016222,0.07869785082,-0.01464986815,0.06363366042,-0.04361196533,0.1066939491,-0.118594823,-0.0248726401,0.163798402,0.08661209401,-0.02381530984,0.03111774956,-0.02245292129,-0.04865398864,-0.03011422638,-0.09957173448,-0.07372175981,-0.040436457,0.09063545151,0.01287948482,0.0178625492,-0.03152885187,-0.06388206388,0.02919947507,-0.1115715652,0.05920344456,0.01524390244,0.04671338005,-0.001593879503,0.04789272031,-0.08257160268,-0.1242112255,-0.3610163064,-0.00118694362,0.04456327986,-0.06427758817,-0.04194528875,0.0171319797,-0.2320648784,-0.0804224208,0.4213780919,0.05966438782,0.005278592375,0.1586931155,0.05941591138,-0.00855513308,0.1097794823,0.02678185745,-0.1034917964,-0.1215391835,0.08012820513
A,-0.179867343,0.2611798287,0.01169370049,-0.06860551827,0.2353883106,0.01101749838,0.01891025641,-0.05127398553,-0.0189766181,-0.03592400691,-0.05983518452,0.01181402439,0.05649717514,-0.08235294118,0.04195804196,0.08240119314,0.08749569411,-0.01851851852,0.007282356835,0.01971738416,0.03673864003,-0.01336649052,0.03875236295,0.008795875038,0.04179194227,0.06002886003,-0.003267084127,0.0794864791,0.06629554656,0.001423825344,-0.03317535545,-0.075,0.06889242183,0.04387704512,-0.04060793161,-0.02301980198,0.0443374715,-0.02062105774,0.0138716869,0.01417053506,-0.05613105276,0.008933129148,0.05590690615,0.0045519885,-0.008108752683,-0.030776629,-0.02356735301,0.03201219512,-0.119891679,-0.01146853147,0.09196378042,0.04742161182,0.008369201339,-0.1071852028,-0.00796812749,0.07523427041,0.02539840637,0.0910401153,-0.02862175253,0.04578422484,0.03641092328,-0.02404851527,-0.01757017356,-0.01919302072,0.0237936402,0.03431798436,0.07005181347,0.02944024792,-0.002257761054,0.05317744673,0.08415398389,0.01651527663,0.009585702681,0.06147409076,0.01440266828,0.008219997011,-0.01408241921,0.07096677191,-0.0393092798,0.0217740757,-0.03875858124,0.02975747657,-0.04175697154,-0.04327503016,0.03924349882,0.03017895056,-0.01854850581,0.008999550022,0.04935335216,-0.03909902252,0.110570544,0.05270144697,0.03013871375,-0.06218631411,-0.09254666493,0.06214039125,-0.08369447454,0.08660951818,0.02149075082,0.02183754993,0.05459994788,0.04497714074,-0.02861534823,-0.0222763238,-0.0999750996,0.03140130032,0.2058744635,-0.02002002002,0.09329247531,0.04245821655,-0.001991635132,0.01796048693,0.1458537542,0.007955517536,0.008232198931,0.02752525253,0.02744327025,0.08818370276,0.007766705744,0.07554166061,0.01568309335,0.1534109817,-0.005193306405
DUK,0.04784688995,0.03602232369,0.02105778648,0.0551558753,-0.03954545455,-0.0056791292,-0.004759638267,0.02486848398,0.03440038223,0.05681293303,-0.04574592075,0.008549618321,-0.03224341508,0.02455811043,-0.06885496183,0.06164945073,0.03181467181,0.03544804503,0.0229209521,0.05673656995,-0.03275791763,-0.04932546374,0.04966740576,-0.02802422194,-0.05027528253,0.04622425629,0.04578594342,-0.04921918572,-0.006159260889,0.0438247012,-0.005371783998,0.02103467879,-0.001113585746,-0.01741917503,0.0266628847,-0.0111893908,0.04624196703,0.02884230204,0.06528228423,-0.00548245614,0.03148352321,0.02992874109,-0.1379151292,0.04654895666,-0.02338957055,-0.04659076037,0,0.01468771448,-0.06277056277,0.05484988453,-0.01231527094,-0.0838182322,0.06537780401,0.04308075911,-0.01354581673,0.08292945611,-0.02610641472,0.002475247525,0.07121507472,0.05168021351,-0.06044526474,0.01301411909,-0.04981214398,-0.0506377551,0.03452908773,0.004285714286,0.01109677419,0.03598774885,0.0206947524,0.004706734251,0.04372372372,-0.03291518011,0.02713316673,0.01147028154,-0.001947308133,0.04544932859,-0.03875288177,-0.1043855642,-0.02053047692,0.002473636245,-0.004285714286,0.01512977697,-0.06873956058,0.1106512141,0.005465838509,0.01692611811,-0.005224152594,0.04518808012,0.0576069175,-0.04894486797,0.03949814126,0.009834599911,-0.002766710934,-0.02563533459,-0.008656036446,0.03010110294,-0.00825340174,0.05049482681,0.03757627663,-0.0338423442,-0.05008543358,0.01630129286,0.08042035398,-0.02109143033,-0.1696475264,0.04081118529,0.0582113034,-0.06301463861,0.0342975711,-0.0519235308,0.02576549664,0.1192816406,0.004553339115,-0.0260090654,0.01617728532,-0.06673209028,0.1400864587,0.01055544169,0.01419734307,0,0.04569543046,0.007649646204,-0.06566710951
YUM,-0.1002066116,0.1056257176,0.04620976116,0.05285359801,0.07918925289,0.03581568028,0.06557031415,0.03482390186,-0.04467483506,-0.06195737964,-0.04522507362,0.03921568627,0.03943184227,0.02936977361,0.04458093917,-0.08402883156,-0.02981983848,-0.02973428933,0.07998261248,-0.03562084927,0.04486644407,0.02816057519,0.002331002331,0.01802325581,-0.007233961546,-0.07708533078,0.06814876376,0.001361602801,0.02544677545,-0.008903201364,0.05982415902,-0.03552750225,0.02356020942,0.04293021556,0.0387108075,-0.1507588533,0.03296266878,-0.02210688197,0.02988008649,0.04943691544,-0.08439432521,0.07409614621,0.05640835953,0.003676470588,0.1189604047,0.01761496493,-0.001225490196,-0.02745398773,-0.09036429585,0.03536754508,-0.1351306095,0.04336882865,0.01783659379,-0.01940832862,0.001345119139,0.1116868164,-0.001553599171,0.01521367521,-0.005388112477,0.09971220586,-0.0004618226601,0.001848144155,-0.02951575711,-0.01789957231,0.03532258065,0.006075712728,0.06277190802,-0.06330409357,-0.001716872171,0.0803627267,0.06989869754,-0.004869471121,0.03873861628,-0.01531012824,0.01275747508,0.04225167301,0.03285912124,0.01084836665,-0.05860364163,0.0537978737,0.03828856205,-0.0213064856,-0.004425837321,-0.04938123273,0.04120323559,0.07380432144,0.008365362876,0.01704035874,-0.005070546737,0.01019277642,0.03761789866,0.03361166896,0.01840679006,0.009037051913,0.08538163001,0.008985055469,0.05452067242,0.01818181818,-0.03783006093,-0.134048729,0.007618080244,0.02671370968,0.04477172312,-0.1419039564,-0.2766400175,0.257986374,0.08942110964,-0.04496243924,0.05320994795,0.05271828666,-0.05362545644,0.04663212435,0.1143880345,0.03761814745,-0.0706868282,0.01480101941,0.05486332464,0.06592802857,0.03161240443,-0.03314181031,0.06321591594,0.08902389631,-0.0663493008
ROK,-0.1256611636,0.2401466544,0.1090909091,-0.02212448354,0.0635136977,0.03626810201,-0.01273806579,-0.03119128147,-0.006043089858,-0.1332275971,0.004422079902,0.09761651738,0.0001383125864,-0.02807357212,0.1082811611,0.07318012582,0.04964708697,0.06152046784,-0.03646981049,-0.03076043453,0.05497876357,-0.02851711027,0.05157131346,0.08155446086,0.06315789474,0.0355102818,0.03842971408,-0.02142540947,0.04107482132,-0.02633179804,0.08711174581,-0.008210180624,0.005132450331,0.04299126997,-0.02929564119,-0.07483933946,0.02497142355,-0.07300334563,0.03914491949,-0.005610472883,-0.04997313272,0.06561085973,-0.006280962491,0.0182497997,0.05656583319,0.03574679355,0.001997283694,-0.08339977675,-0.06062978427,-0.03667006204,0.06277035471,-0.04784732272,-0.02311161218,-0.08088093864,0.08914931464,0.08319723316,0.01321507761,0.008538816764,-0.02920086393,0.05170419151,0.005584701303,-0.00218781555,0.009192106595,0.1006100109,0.02930681042,0.03680755329,0.08545298657,0.02652711954,-0.04116704072,0.03136494349,0.06380495396,0.01365354139,-0.01365003007,0.05913552399,0.07298681863,0.0277345636,-0.01111807078,0.08218527316,-0.09130816506,-0.01551261406,-0.05741235483,0.03459046738,0.007547802751,-0.06314854892,0.01824320322,0.07434122506,-0.04688938221,-0.03840254502,-0.05381934188,-0.04245754246,0.1083072509,0.04947931988,0.04271779347,-0.08274193548,-0.07901060899,0.001972888691,-0.02737550813,0.03637432247,-0.01109010712,0.1587230789,0.07236733572,0.03912619866,-0.03987366759,-0.05458470395,-0.1860932913,0.2552267718,0.1423478076,-0.01942516421,0.03629453682,0.05679838636,-0.04034182102,0.06603986801,0.08361601085,-0.02817342307,-0.02943308101,0.009251192699,0.1111476488,-0.006288842853,-0.0205867024,0.07658976016,0.05144047451,0.07239515127,-0.05260356327
HPE,#N/A,#N/A,#N/A,#N/A,#N/A,#N/A,#N/A,#N/A,#N/A,#N/A,#N/A,#N/A,#N/A,#N/A,#N/A,#N/A,#N/A,#N/A,#N/A,#N/A,#N/A,#N/A,#N/A,#N/A,#N/A,#N/A,#N/A,#N/A,#N/A,#N/A,#N/A,#N/A,#N/A,#N/A,#N/A,#N/A,#N/A,#N/A,#N/A,#N/A,#N/A,#N/A,#N/A,#N/A,#N/A,#N/A,#N/A,#N/A,#N/A,#N/A,#N/A,0.03199052133,0.02771362587,-0.09887640449,-0.036159601,0.3298835705,-0.03501945525,0.008982035928,0.04648862512,0.1124763705,0.0849617672,0.06029757244,-0.06720827179,0.06650831354,0.03340757238,-0.04238505747,0.06681681682,-0.05911330049,0.05235602094,0.03624733475,-0.109739369,0.03004622496,0.02169035153,-0.0102489019,0.09911242604,-0.1069986541,0.07309721176,0.110252809,-0.003795066414,0.1968253968,-0.07692307692,0.01091954023,-0.1023308698,-0.02533248892,0.01754385965,0.04789272031,-0.07921998781,0.04037061549,-0.07315521628,-0.05284831846,0.1485507246,0.002523659306,0.01887979862,-0.05188387894,-0.08208469055,0.06671398155,-0.130405855,0.1017597552,-0.003472222222,0.1602787456,-0.05465465465,0.001905972046,-0.1033608117,-0.1096181047,-0.2549642573,0,0.04051172708,-0.03483606557,0.04777070064,-0.02026342452,-0.02998965874,-0.09061833689,0.2942555686,0.06793478261,0.1085665818,0.1140015302,0.07554945055,0.03448275862,0.008641975309,-0.1107711138,-0.006882312457,0.04712404712,-0.1125082727
CBRE,-0.1220657277,0.3582887701,-0.05455568054,-0.09458655562,0.1997371879,-0.006024096386,0.09035812672,-0.04951995958,-0.09764125069,-0.03525835866,-0.005671077505,0.1495564005,0.06945975744,0.001030927835,-0.08393408857,0.1219786397,0.02955911824,0.1809338521,0.0370675453,-0.03455123114,0.01686548745,-0.07726537217,0.05392371767,-0.04950083195,0.02407002188,-0.0311965812,-0.02823114248,0.1221062188,0.05987055016,0.004580152672,0.0429331307,-0.04298724954,0.09250095166,0.05993031359,0.07264957265,-0.05424456022,0.00907323396,-0.05266538215,0.0806779661,0.03795483061,0.01722574796,0.03327391563,0.002587694077,0.116145684,-0.052672148,0.01491727692,0.0002672367718,0.005343307507,-0.1288865267,-0.01037217816,0.1578298397,-0.01810436635,-0.07552708834,-0.192551963,-0.09152663568,0.1247540338,0.08047585724,-0.0003332222592,-0.08966666667,0.06261442695,0.01550654721,-0.005429250085,-0.03445922893,0.01166077739,0.1163115613,-0.05350438048,0.1694526385,-0.003643497758,-0.06104078762,-0.007489514679,0.07938424389,0.03243847875,-0.03114842904,0.02376292983,0.07919169853,0.06730769231,0.009483167378,0.04861437295,-0.03359462486,0.09501738123,-0.01354497354,0.007509118215,0.03790459966,-0.002462043496,-0.05224187577,0.005859375,-0.136785329,0.07448137966,-0.04280065131,0.004131227217,0.1171345595,0.0955372617,0.006723353767,-0.02828520919,-0.004244996968,0.05136012992,-0.003668661904,0.03003875969,-0.05136406397,0.08766362555,0.03993435449,0.06908644573,0.01722158439,-0.06917123509,-0.3648016629,0.07417507499,0.120588982,0.01608518351,-0.0231884058,0.0734992011,-0.005528386137,0.09685695959,0.1918128655,0.0299313052,-0.004922979196,0.2092243856,0.0201926884,0.07994825356,0.04923334931,-0.009932640712,0.02859778598,0.05930493274,0.02148375489
CVX,-0.08769792935,0.1687805964,-0.02122798667,0.03481812877,-0.02810150376,0.05995551687,-0.02518018429,-0.002714085166,-0.03358063257,0.01454545455,0.07477100757,0.03733209819,0.05242007501,-0.04336020365,-0.07441901721,0.05328222329,0.04849422255,0.008686496446,0.03627348643,-0.01779568539,0.04914109905,-0.01254480287,0.0285431447,-0.02109400064,0.01712412946,-0.04478814242,0.01197503795,0.00825,-0.01438135383,-0.06339622642,0.035455278,0.01193255512,0.07015295223,0.0007984669435,0.03917344822,-0.01950095969,-0.01174536058,-0.06544647809,0.007206443408,-0.101010101,0.01151685393,0.01184856059,-0.049034855,0.02857142857,0.009633370744,-0.05891616489,-0.06713259179,-0.1008758046,-0.08156319681,0.07372859698,0.1300725931,-0.04959983151,-0.01346911958,-0.04018204018,-0.0350410547,0.1423777565,0.07427612253,0.002561324007,0.001277390194,0.01148184495,-0.0134859804,-0.0167191188,0.006801360272,0.09457579972,0.0701579234,-0.01959121364,-0.04838709677,-0.02420012689,-0.01839123166,-0.004825889478,0.02177427023,-0.03024381165,0.0252375012,0.07291276675,0.04798045887,-0.02672105219,0.02232295587,0.104408935,-0.1365805621,0.01008948938,0.04160514201,0.08730820547,-0.02538538231,-0.02219074599,-0.01464670851,-0.06501143417,0.07092941999,-0.02520391517,-0.03823947787,-0.02757960675,0.05779726223,0.04558910598,0.02475327617,-0.0724660562,0.03387234043,0.01745143233,-0.03414239482,-0.01457530575,-0.03723223393,0.07337100477,-0.03808505388,0.03480417308,-0.1217254772,-0.1118742943,-0.1935586397,0.2012611666,0.01476377953,-0.05571721091,-0.04199954348,-0.0001191327138,-0.1433337305,-0.04311543811,0.2671511628,-0.02615278734,0.03886925795,0.1337868481,0.0692,-0.03946876169,0.003018500487,0.009513639452,-0.02923358015,-0.02417038138,0.02121612019
ALL,-0.1235044384,0.1598414795,0.01708428246,0.02314296379,0.05946734768,0.08505509642,0.04411298001,0.01306990881,0.01170671596,0.03775883069,0.00205399061,0.1200585652,0.04235294118,0.05994482067,-0.0610506389,0.02847782258,0.05880911541,0.07176250584,0.04383860414,0.03426661095,0.01333333333,-0.05462519936,0.07971320118,-0.019140625,-0.003185981681,0.05513383939,0.01060204468,-0.01105282877,0.01269179769,-0.02562663674,0.06527164523,-0.003604253019,0.05534454693,0.01422450728,-0.0187563366,0.02565868779,0.03072531901,0.004072324483,0.07478909799,0.04362264151,-0.006653167486,0.052708212,-0.03748271093,0.03635579825,-0.06669439823,-0.01233100579,-0.02512033694,-0.03811140256,-0.06993904395,0.0331148672,0.03171953255,0.01763754045,0.0007966857871,-0.03518548002,0.04719471947,0.05830444374,-0.03290649196,0.02545343698,-0.01516052319,0.04467250226,-0.01242415487,0.008484493856,-0.01769654772,0.06585942115,0.03131061236,0.001343363783,0.0794417606,0.02399303829,-0.02500910526,0.05491221517,0.05535882908,-0.01028967677,0.06656119336,-0.03708412799,0.01738556338,0.08089984858,0.02711626976,-0.005065757428,-0.111622442,0.06260332856,-0.0005186184006,-0.009339975093,-0.02053216007,-0.006417112299,0.05662002153,-0.003158109209,-0.01001532959,-0.03251780737,-0.1113956466,-0.009005763689,0.1187446989,0.01927867432,0.008075656147,0.004743332982,0.0566512799,0.03633836378,-0.004885993485,0.004909983633,0.0295075685,-0.009026614554,0.03427551883,0.02442346105,0.05512718249,-0.08273834523,-0.2143772894,0.1696001865,-0.01265696631,-0.03573231049,-0.01193342406,-0.01472613624,0.004731182796,-0.05190496575,0.1553222711,0.05002442599,0.0282869638,-0.03538141345,0.095684803,0.07739726027,0.08312142403,-0.04805575935,0.005780346821,0.05647509579,-0.05345615435
HSY,0.003613835829,-0.01868998628,0.007863008911,0.07108183079,-0.001294917449,-0.03435980551,0.02685464921,0.09529257927,0.07914593033,0.03391847664,0.01899280576,0.02329850325,-0.00731337105,-0.01932165694,0.02905740609,0.01460055096,0.0627206082,0.05735563104,0.04065241567,0.0588933745,0.008522090155,-0.002446075161,0.02674988854,0.04309596179,-0.04693516495,0.02118366456,0.03592814371,-0.01981833196,0.03043386689,0.04210526316,0.03893301952,-0.07192750614,-0.0211554109,0.008208645054,-0.007729568175,-0.06044869132,0.01636082246,0.02349358277,0.02476089267,0.03308099139,0.03714113632,0.02409988386,-0.05481523485,0.01489851015,-0.07192118227,-0.03535031847,-0.02145922747,0.04363472785,-0.0275862069,0.05817819149,-0.07885642476,-0.03126421101,0.04970455335,-0.02748344371,0.03155146975,0.01067224117,-0.002177226214,-0.0001094451133,0.07235113835,0.1327957538,0.0187421157,-0.1494781532,-0.009047420965,0.02623570154,0.05501585029,0.02326257633,0.01514434453,0.01491841492,0.005695911805,0.01178405042,0.01390393644,-0.0535173642,-0.002352055697,0.04205960015,0.003981900452,-0.009734991888,0.03185872929,-0.04472477064,-0.07858528027,0.01904189216,-0.05625491739,-0.03563984994,0.009077155825,0.00299850075,0.04697843263,0.06475627167,-0.006417009865,0.04665509929,-0.01335420888,-0.006160739289,0.004602235371,0.04141735228,0.04381003681,0.07387976262,0.1053179561,0.004202594015,0.08499891767,0.06603710847,-0.01621958827,-0.1088776157,0.06852629332,-0.03263185935,0.06464270962,-0.007500808277,-0.1157078637,-0.03300670449,0.03946666667,-0.0462508246,0.1175069167,0.02221305275,-0.05012109795,-0.02379771939,0.07298846405,0.02643856921,-0.03695652174,-0.003693823107,0.1062821833,-0.01501892882,0.09287379497,0.006284231767,0.01982353615,-0.01348314607,-0.008883826879
HIG,-0.1846994536,0.2902144772,-0.0774025974,-0.08502252252,0.07446153846,0.1815578465,0.01938923897,-0.02282453638,-0.1509433962,-0.004678362573,-0.05522914219,0.1536069652,0.03773584906,0.1464935065,-0.05482555505,0.07957813998,0.08303730018,0.00290095317,0.07107438017,0.05594135802,0.1249543296,-0.03475154271,0.07671601615,-0.023125,0.01151631478,0.04933586338,0.03315250151,0.02392065344,-0.009401709402,-0.01553062985,0.03827052293,-0.06302757456,0.06876876877,0.02191626861,-0.004674182018,-0.04751381215,0.06844547564,0.00217155266,0.08884073673,0.05099502488,-0.0475739645,-0.005715705765,0.03424143964,0.0229579507,-0.0344909048,0.01639344262,0.06114588349,0.08371143376,-0.04123927151,0.01899563319,0.001928433683,-0.01710863986,-0.03943908852,-0.08348540146,0.04828272773,0.09615384615,-0.05219839723,0.01450892857,-0.06710671067,0.04669811321,-0.09598918432,0.07502492522,-0.004869000696,0.1022833178,0.01902346227,0.002074258453,-0.02105263158,-0.002067824648,-0.01181102362,0.02096875655,0.07722324913,0.02154432793,0.0546845838,-0.04954875243,0.04412586111,0.002496433666,-0.01796513696,0.0005433798225,-0.03149891383,0.00691588785,-0.04083905699,0.01528933617,0.010293557,-0.008867924528,-0.02113078241,-0.03967327888,-0.01417577967,-0.04293344289,-0.1077484439,0.04378157325,0.1108550357,0,0.03506224066,0.05251553418,0.04684821939,0.03893032563,0.008930134828,0.04113155154,-0.01750291715,-0.02392263319,0.05683990961,-0.002631578947,-0.008245382586,-0.1423345527,-0.3549825514,0.06372107003,0.09833286239,-0.03010033445,0.1225464191,-0.04418714556,-0.09690976514,0.05912948262,0.1424140605,0.09049773756,-0.003941908714,0.05582170381,0.3012428487,0.05366889024,-0.05381294964,-0.05352798054,-0.004980719794,0.09575326982,0.02269378131
GIS,0.006629541236,0.01501580611,0.03685439917,0.01151439299,-0.01361049245,-0.04440541897,0.02704121817,-0.005879345603,-0.000777000777,-0.003628823224,-0.005983350676,0.01099188694,0.04685477608,-0.01533135509,0.01607232546,0.02001977261,0.002423067604,0.09182174339,0.03902220229,0.07619253184,0.01223425592,-0.013275213,0.02851405622,0.01620460758,-0.05379442843,-0.01847715736,0.04385601986,-0.01763773286,-0.01533185394,-0.0102438025,0.06292693024,-0.003894839338,0.06080156403,0.01658680428,-0.03879622915,-0.0109392682,0.02040427155,-0.0627920015,0.02412761715,0.03056853583,-0.01719251842,0.02652825836,-0.01685393258,0.08076190476,-0.0253789214,-0.01591320072,0.03987504594,0.04241031984,-0.02339379556,-0.006769658045,0.01328206921,-0.003276992066,0.01385041551,-0.0350068306,0.04140860025,0.06949872557,-0.0266920877,0.02078899984,0.06061577935,0.083912912,-0.008229878644,-0.08495077356,-0.06409468183,0.0121530629,0.01233165666,0.0004808462895,-0.04590850515,0.01738983623,-0.03484898772,-0.03868638239,0.02164192452,-0.05199579832,0.06241920591,-0.03007126716,-0.07150537634,0.04458598726,0.03713968958,0.04097630501,-0.06007188088,-0.05662782229,-0.1353020652,-0.05066964286,0.04679050082,0.001347708895,0.01996410947,0.04310534418,-0.07358212102,0.03117888029,-0.1494151401,0.06616502335,0.06741299586,0.06953944368,0.09379663185,-0.008575326447,0.01847847454,0.04323489674,-0.02849213691,0.03142258617,0.006277695716,-0.05724770642,0.03736862592,-0.02551594747,0.02021563342,-0.02528779015,0.06253630203,0.08837463557,0.06378704169,-0.04894554611,0.0469965249,0.01074758969,-0.06395621579,-0.01069161377,0.02701789936,-0.02416968103,0.01769165965,-0.0892384106,0.1359752772,-0.0312049928,0.02874132805,-0.02777777778,-0.02031379026,-0.01955495617,0.0409215956
SLB,-0.2454901961,0.2728690229,0.0253164557,-0.09318996416,0.1165275948,0.03290940081,-0.1223660828,0.07231703789,-0.067284731,-0.07289156627,0.1297920728,0.06901509705,0.01183591123,-0.02751561877,-0.03376161837,-0.0004243881737,0.08264930654,0.09300737503,-0.04610770961,-0.03995284255,0.02701596398,-0.02882954696,0.053625171,0.06673591275,0.05550146056,0.05131457565,0.008994186684,-0.05467985651,0.005749770009,0.01806540133,0.02392183288,0.06504332566,0.03285272915,0.06221956327,0.08326293063,-0.05363951473,-0.0432194854,-0.05790027754,0.002945956928,-0.1470677606,-0.02956893481,0.05139500734,-0.04143389199,0.04310344828,0.07403096264,-0.02275929338,-0.07408228901,-0.01461252845,-0.07305214537,-0.05468135327,0.101817173,-0.04557471988,-0.09734283863,0.03776565192,-0.007610350076,0.01784718349,0.09287671233,-0.01091786213,-0.01604415351,0.05283068093,0.01288563995,-0.05798165138,0.04285157772,0.01743244926,0.0544608983,0.003830083565,-0.07807498857,-0.02145071296,-0.01254434871,-0.08340818683,-0.04661906762,-0.01864904552,-0.04668562023,0.05540731439,-0.006543723974,-0.06017964072,-0.006530742275,0.2372935706,-0.1338603084,-0.006134051466,0.02288122836,0.05371596762,-0.04189944134,-0.01647230321,-0.03705350526,-0.07680467908,0.01400466822,-0.171325222,-0.1672619048,-0.0309745056,0.06860093435,-0.0317533364,0.09719581749,-0.1277886073,-0.1159672213,0.120505618,-0.1110554024,-0.03948110547,-0.06635349383,0.1396226415,-0.001379690949,0.1207515888,-0.1750493097,-0.1987447699,-0.4822827303,0.1693083573,0.1355514479,-0.03852414542,0.0237020316,0.04796030871,-0.1793792741,-0.07371794872,0.4387543253,0.03751803752,0.01112656467,0.2796882164,-0.00752418488,-0.05487364621,0.1970970206,0.02169751117,-0.07995003123,-0.03428377461,0.01968365554
UNH,-0.09029249682,0.1181267474,0.01625338612,0.03916342014,0.007695343331,0.09340121402,0.04065186246,-0.0337291344,-0.0586247677,0.06012203877,-0.07719654647,-0.01999633095,0.02845376264,0.02912267929,-0.06420233463,0.02986202986,0.001284639383,0.06820723071,-0.04047452896,0.142,-0.01066709123,0.03588670743,0.0504893584,0.07202011239,0.02745206235,0.003222341568,-0.06383832976,0.0151536812,0.04126179411,-0.05680281309,0.1127043304,0.01739690722,-0.01532615579,0.02662721893,0.02844255106,-0.02692495127,0.1006635783,-0.01467409851,0.08069729855,0.06740732828,-0.01000800641,0.1000808734,0.05587208234,0.02436901654,-0.03576890399,0.02678650101,0.04831373895,-0.01080550098,-0.05668652764,0.04965347838,-0.008023401588,-0.008846575112,0.05509715198,-0.03161789438,0.0342132685,0.09009235936,0.01725333128,-0.0026909852,0.02900614601,0.03234030155,0.001975587384,-0.006830504894,0.02587918321,0.03953279425,0.07260155575,-0.01654992872,-0.0007607455306,0.06585458698,0.003511904762,0.01696423275,0.06748323126,0.01819473282,0.03981754763,0.02275894101,-0.02512867091,0.09580745342,0.04506164092,0.05265536723,-0.03095749249,-0.00137356551,-0.00488064602,0.08302122347,0.0439687114,0.009740515814,0.01898066784,-0.004522632325,0.01289800947,0.05120115554,-0.03623214609,-0.08719468728,0.1056763533,-0.09609665428,0.02303105079,-0.03859296482,0.03186284759,0.004336021396,0.001775338928,-0.07527791203,-0.03636917984,0.1356445489,0.111721393,0.03658885866,-0.05360226566,-0.04605503248,-0.08018362663,0.1958908667,0.06395631912,-0.02680351714,0.01696167669,0.03226765308,-0.02687569989,-0.001545290153,0.1075474183,0.02857227805,-0.03746206099,-0.002312381753,0.1409909096,0.04073233789,0.04613434728,-0.02723527986,0.03009017088,0.01499250375,-0.03016152857